run,n,cls,epoch,edit,overall,index,type,err_type_only,err_index_only,err_both,typ_break,typ_fix,partner_frac
d47_seed0,47,A,3000,base,0.304436,0.309869,0.669534,0.007810,0.524894,0.467296,,,
d47_seed0,47,A,3000,surgical,0.304436,0.309642,0.665007,0.007485,0.518386,0.474130,0.063717,0.059190,0.012433
d47_seed0,47,A,3000,noise_only,0.304021,0.309718,0.668628,0.008185,0.523877,0.467938,0.024144,0.023238,0.012266
d47_seed0,47,A,5000,base,0.305568,0.310435,0.689000,0.007008,0.552151,0.440841,,,
d47_seed0,47,A,5000,surgical,0.305115,0.310661,0.661951,0.007980,0.513518,0.478502,0.078882,0.051833,0.018651
d47_seed0,47,A,5000,noise_only,0.305644,0.310850,0.683001,0.007497,0.543467,0.449036,0.028935,0.022936,0.020596
d47_seed0,47,A,7000,base,0.308624,0.313264,0.741625,0.006711,0.626289,0.367000,,,
d47_seed0,47,A,7000,surgical,0.306134,0.311566,0.657085,0.007829,0.505790,0.486381,0.126415,0.041874,0.014324
d47_seed0,47,A,7000,noise_only,0.308096,0.312359,0.739550,0.006161,0.623577,0.370262,0.028331,0.026256,0.014701
d47_seed0,47,A,9000,base,0.312359,0.314056,0.885695,0.002469,0.833772,0.163759,,,
d47_seed0,47,A,9000,surgical,0.303305,0.308511,0.642825,0.007472,0.487329,0.505198,0.253735,0.010865,0.011151
d47_seed0,47,A,9000,noise_only,0.299381,0.301117,0.876377,0.002477,0.823546,0.173977,0.029651,0.020333,0.019562
d47_seed1,47,A,3000,base,0.302852,0.311227,0.663536,0.012013,0.517370,0.470617,,,
d47_seed1,47,A,3000,surgical,0.302852,0.311679,0.659688,0.012662,0.511851,0.475487,0.054663,0.050815,0.012422
d47_seed1,47,A,3000,noise_only,0.303154,0.311830,0.664290,0.012451,0.518243,0.469306,0.021503,0.022257,0.013514
d47_seed1,47,A,5000,base,0.305115,0.313943,0.697714,0.012704,0.564984,0.422313,,,
d47_seed1,47,A,5000,surgical,0.305681,0.315188,0.664101,0.013692,0.516218,0.470090,0.079787,0.046175,0.015603
d47_seed1,47,A,5000,noise_only,0.305530,0.314132,0.697110,0.012385,0.563855,0.423759,0.024860,0.024257,0.010422
d47_seed1,47,A,7000,base,0.311793,0.316546,0.849027,0.006907,0.780628,0.212465,,,
d47_seed1,47,A,7000,surgical,0.306700,0.317451,0.642485,0.015508,0.484329,0.500163,0.223517,0.016976,0.029367
d47_seed1,47,A,7000,noise_only,0.310548,0.315188,0.843066,0.006730,0.772378,0.220891,0.032104,0.026143,0.015282
d47_seed1,47,A,9000,base,0.316999,0.320054,0.902671,0.004474,0.857498,0.138028,,,
d47_seed1,47,A,9000,surgical,0.307039,0.318130,0.639090,0.016005,0.479177,0.504818,0.277162,0.013581,0.025725
d47_seed1,47,A,9000,noise_only,0.307832,0.311038,0.892674,0.004632,0.844940,0.150428,0.030632,0.020635,0.004716
d47_seed3,47,A,3000,base,0.307492,0.308284,0.942621,0.001144,0.917143,0.081713,,,
d47_seed3,47,A,3000,surgical,0.294477,0.300249,0.624717,0.008181,0.468078,0.523741,0.320847,0.002943,0.016226
d47_seed3,47,A,3000,noise_only,0.275049,0.275992,0.934246,0.001301,0.909299,0.089400,0.023125,0.014750,0.004651
d47_seed3,47,A,5000,base,0.310208,0.310548,0.971254,0.000492,0.958326,0.041181,,,
d47_seed3,47,A,5000,surgical,0.289498,0.294477,0.584201,0.007009,0.414782,0.578210,0.387619,0.000566,0.008467
d47_seed3,47,A,5000,noise_only,0.253923,0.254301,0.962955,0.000506,0.950347,0.049147,0.018938,0.010638,0.006553
d47_seed3,47,A,7000,base,0.311793,0.312132,0.972838,0.000493,0.960533,0.038974,,,
d47_seed3,47,A,7000,surgical,0.286329,0.291648,0.564735,0.007453,0.390105,0.602442,0.408443,0.000340,0.009144
d47_seed3,47,A,7000,noise_only,0.255131,0.255395,0.962653,0.000355,0.949856,0.049789,0.019881,0.009695,0.000000
d47_seed3,47,A,9000,base,0.317338,0.317565,0.979742,0.000332,0.970325,0.029344,,,
d47_seed3,47,A,9000,surgical,0.292780,0.296854,0.577297,0.005761,0.402304,0.591935,0.402558,0.000113,0.007028
d47_seed3,47,A,9000,noise_only,0.255131,0.255206,0.970537,0.000101,0.960443,0.039456,0.016938,0.007734,0.010945
d47_seed4,47,B,3000,base,0.301720,0.309642,0.646786,0.011345,0.494165,0.494489,,,
d47_seed4,47,B,3000,surgical,0.301607,0.308624,0.655387,0.010047,0.506563,0.483390,0.045383,0.053984,0.029925
d47_seed4,47,B,3000,noise_only,0.301947,0.309605,0.648936,0.010971,0.497082,0.491948,0.022144,0.024295,0.024147
d47_seed4,47,B,5000,base,0.302286,0.311000,0.654255,0.012490,0.504461,0.483049,,,
d47_seed4,47,B,5000,surgical,0.302060,0.311000,0.653010,0.012810,0.502838,0.484352,0.044930,0.043685,0.025189
d47_seed4,47,B,5000,noise_only,0.302060,0.310397,0.655764,0.011945,0.506784,0.481271,0.018787,0.020296,0.029721
d47_seed4,47,B,7000,base,0.302852,0.312245,0.652671,0.013474,0.501786,0.484740,,,
d47_seed4,47,B,7000,surgical,0.303078,0.311340,0.649163,0.011854,0.496590,0.491556,0.045722,0.042214,0.012376
d47_seed4,47,B,7000,noise_only,0.302739,0.311642,0.652784,0.012768,0.502029,0.485203,0.020673,0.020786,0.016418
d47_seed4,47,B,9000,base,0.303757,0.311000,0.660480,0.010403,0.512354,0.477243,,,
d47_seed4,47,B,9000,surgical,0.303191,0.311114,0.657198,0.011369,0.508040,0.480591,0.047306,0.044024,0.007177
d47_seed4,47,B,9000,noise_only,0.303531,0.311151,0.660480,0.010941,0.512512,0.476547,0.020183,0.020183,0.009287
d47_seed6,47,I,3000,base,0.303644,0.311340,0.642825,0.011052,0.487079,0.501869,,,
d47_seed6,47,I,3000,surgical,0.304436,0.312019,0.652218,0.010901,0.500000,0.489099,0.048325,0.057718,0.037471
d47_seed6,47,I,3000,noise_only,0.303757,0.311755,0.642523,0.011487,0.486563,0.501951,0.024634,0.024332,0.033481
d47_seed6,47,I,5000,base,0.306134,0.315980,0.651766,0.014190,0.498124,0.487686,,,
d47_seed6,47,I,5000,surgical,0.306247,0.316772,0.653689,0.015171,0.500816,0.484013,0.040403,0.042327,0.028011
d47_seed6,47,I,5000,noise_only,0.306172,0.316056,0.651275,0.014245,0.497390,0.488365,0.019277,0.018787,0.031631
d47_seed6,47,I,7000,base,0.306247,0.318017,0.655953,0.016966,0.504078,0.478956,,,
d47_seed6,47,I,7000,surgical,0.307266,0.319036,0.660480,0.016991,0.509884,0.473125,0.030217,0.034744,0.018727
d47_seed6,47,I,7000,noise_only,0.306209,0.317904,0.656255,0.016856,0.504543,0.478601,0.014863,0.015165,0.035198
d47_seed6,47,I,9000,base,0.313038,0.326392,0.662970,0.019440,0.509390,0.471170,,,
d47_seed6,47,I,9000,surgical,0.313490,0.327297,0.667836,0.020112,0.516156,0.463732,0.027162,0.032028,0.054167
d47_seed6,47,I,9000,noise_only,0.312849,0.326053,0.663234,0.019215,0.509909,0.470876,0.013430,0.013694,0.036626
d47_seed7,47,A,3000,base,0.303078,0.310661,0.665799,0.010880,0.520461,0.468659,,,
d47_seed7,47,A,3000,surgical,0.302399,0.309869,0.658669,0.010707,0.510707,0.478585,0.072318,0.065188,0.012520
d47_seed7,47,A,3000,noise_only,0.303267,0.310774,0.666478,0.010775,0.521306,0.467919,0.027954,0.028633,0.003924
d47_seed7,47,A,5000,base,0.306700,0.314169,0.682096,0.010774,0.541463,0.447764,,,
d47_seed7,47,A,5000,surgical,0.305568,0.313377,0.658782,0.011245,0.508638,0.480117,0.076958,0.053644,0.023529
d47_seed7,47,A,5000,noise_only,0.307417,0.314924,0.680021,0.010839,0.537991,0.451170,0.028256,0.026181,0.020326
d47_seed7,47,A,7000,base,0.310774,0.319149,0.689226,0.012151,0.549097,0.438752,,,
d47_seed7,47,A,7000,surgical,0.308737,0.317678,0.654595,0.012934,0.500327,0.486739,0.085559,0.050928,0.025132
d47_seed7,47,A,7000,noise_only,0.310510,0.318583,0.687491,0.011709,0.546753,0.441539,0.027237,0.025502,0.015272
d47_seed7,47,A,9000,base,0.315867,0.324129,0.705976,0.012076,0.570223,0.417701,,,
d47_seed7,47,A,9000,surgical,0.314962,0.324355,0.663762,0.013712,0.509169,0.477119,0.093142,0.050928,0.024301
d47_seed7,47,A,9000,noise_only,0.315527,0.323789,0.704316,0.012071,0.568014,0.419916,0.028557,0.026898,0.020769
d47_seed8,47,A,3000,base,0.301947,0.306247,0.683115,0.006161,0.546044,0.447795,,,
d47_seed8,47,A,3000,surgical,0.301494,0.306474,0.660480,0.007129,0.513934,0.478937,0.075826,0.053191,0.011940
d47_seed8,47,A,3000,noise_only,0.302097,0.306662,0.680097,0.006541,0.541621,0.451838,0.029463,0.026445,0.010026
d47_seed8,47,A,5000,base,0.304436,0.308963,0.708465,0.006508,0.580866,0.412626,,,
d47_seed8,47,A,5000,surgical,0.303644,0.308511,0.665346,0.006988,0.519421,0.473590,0.095632,0.052512,0.014201
d47_seed8,47,A,5000,noise_only,0.304550,0.308812,0.705674,0.006130,0.576783,0.417087,0.029199,0.026407,0.018188
d47_seed8,47,A,7000,base,0.308963,0.310774,0.860570,0.002620,0.798231,0.199148,,,
d47_seed8,47,A,7000,surgical,0.304776,0.309416,0.643051,0.006674,0.486570,0.506756,0.230308,0.012789,0.009828
d47_seed8,47,A,7000,noise_only,0.304399,0.306474,0.853026,0.002983,0.788709,0.208308,0.031274,0.023729,0.006077
d47_seed8,47,A,9000,base,0.315414,0.315754,0.950317,0.000496,0.927426,0.072078,,,
d47_seed8,47,A,9000,surgical,0.281575,0.285536,0.586464,0.005514,0.424386,0.570101,0.364871,0.001019,0.006514
d47_seed8,47,A,9000,noise_only,0.261393,0.261845,0.940056,0.000612,0.918837,0.080551,0.026219,0.015957,0.000000
d47_seed9,47,A,3000,base,0.304210,0.312585,0.710842,0.012036,0.584418,0.403546,,,
d47_seed9,47,A,3000,surgical,0.304210,0.312698,0.671344,0.012199,0.527651,0.460150,0.084427,0.044930,0.025469
d47_seed9,47,A,3000,noise_only,0.303757,0.311566,0.708050,0.011216,0.580679,0.408105,0.025389,0.022597,0.022782
d47_seed9,47,A,5000,base,0.310435,0.313264,0.926324,0.004103,0.893156,0.102741,,,
d47_seed9,47,A,5000,surgical,0.304097,0.316433,0.638637,0.017726,0.480729,0.501545,0.291987,0.004301,0.023643
d47_seed9,47,A,5000,noise_only,0.292893,0.295873,0.921533,0.004215,0.889032,0.106753,0.023163,0.018372,0.024269
d47_seed9,47,A,7000,base,0.317112,0.318017,0.970801,0.001326,0.957242,0.041432,,,
d47_seed9,47,A,7000,surgical,0.300249,0.311114,0.621435,0.015526,0.459000,0.525473,0.349479,0.000113,0.029793
d47_seed9,47,A,7000,noise_only,0.285876,0.286895,0.960465,0.001426,0.944642,0.053932,0.021390,0.011053,0.030047
d47_seed9,47,A,9000,base,0.323450,0.323789,0.984156,0.000502,0.976581,0.022917,,,
d47_seed9,47,A,9000,surgical,0.306360,0.315867,0.619624,0.013705,0.451623,0.534671,0.364531,0.000000,0.034151
d47_seed9,47,A,9000,noise_only,0.277803,0.278293,0.972273,0.000679,0.961607,0.037715,0.017730,0.005847,0.033676
d61_seed0,61,B,3000,base,0.309124,0.314768,0.672803,0.008169,0.526403,0.465428,,,
d61_seed0,61,B,3000,surgical,0.309863,0.315574,0.673542,0.008275,0.526967,0.464759,0.039573,0.040312,0.015280
d61_seed0,61,B,3000,noise_only,0.309348,0.315372,0.673430,0.008723,0.527158,0.464120,0.018588,0.019215,0.027660
d61_seed0,61,B,5000,base,0.313491,0.320008,0.685031,0.009493,0.541202,0.449305,,,
d61_seed0,61,B,5000,surgical,0.313894,0.320008,0.687920,0.008911,0.545143,0.445946,0.037557,0.040446,0.033989
d61_seed0,61,B,5000,noise_only,0.313558,0.319918,0.683754,0.009265,0.539298,0.451437,0.017782,0.016505,0.030461
d61_seed0,61,B,7000,base,0.325114,0.330489,0.707941,0.007964,0.567247,0.424788,,,
d61_seed0,61,B,7000,surgical,0.326660,0.332572,0.709823,0.008781,0.569048,0.422171,0.034467,0.036348,0.019493
d61_seed0,61,B,7000,noise_only,0.325473,0.330780,0.708210,0.007869,0.567416,0.424715,0.016259,0.016528,0.010954
d61_seed0,61,B,9000,base,0.347286,0.351451,0.756651,0.006382,0.627174,0.366444,,,
d61_seed0,61,B,9000,surgical,0.347689,0.351787,0.753897,0.006283,0.622721,0.370996,0.033862,0.031107,0.015873
d61_seed0,61,B,9000,noise_only,0.346636,0.350891,0.756741,0.006513,0.627682,0.365806,0.016281,0.016371,0.011697
d61_seed1,61,B,3000,base,0.304488,0.311543,0.657081,0.010143,0.506955,0.482902,,,
d61_seed1,61,B,3000,surgical,0.304421,0.311341,0.659903,0.009949,0.511060,0.478992,0.045149,0.047971,0.017857
d61_seed1,61,B,3000,noise_only,0.304466,0.311453,0.658492,0.010046,0.509000,0.480954,0.019462,0.020873,0.021831
d61_seed1,61,B,5000,base,0.307175,0.314230,0.659231,0.010182,0.508146,0.481672,,,
d61_seed1,61,B,5000,surgical,0.307780,0.315507,0.663128,0.011162,0.513346,0.475493,0.042327,0.046224,0.017460
d61_seed1,61,B,5000,noise_only,0.307310,0.314432,0.659500,0.010281,0.508438,0.481280,0.019439,0.019708,0.019567
d61_seed1,61,B,7000,base,0.312954,0.319067,0.669780,0.008899,0.519362,0.471739,,,
d61_seed1,61,B,7000,surgical,0.313760,0.320008,0.669511,0.009105,0.518406,0.472489,0.037423,0.037154,0.021544
d61_seed1,61,B,7000,noise_only,0.313200,0.319090,0.668772,0.008576,0.517722,0.473702,0.017065,0.016058,0.019553
d61_seed1,61,B,9000,base,0.324375,0.328809,0.695378,0.006563,0.549125,0.444312,,,
d61_seed1,61,B,9000,surgical,0.324577,0.329145,0.692623,0.006764,0.544912,0.448324,0.030099,0.027345,0.015625
d61_seed1,61,B,9000,noise_only,0.324644,0.329101,0.695019,0.006599,0.548415,0.444986,0.013415,0.013057,0.024952
d61_seed2,61,A,3000,base,0.303749,0.307847,0.703104,0.005886,0.573579,0.420535,,,
d61_seed2,61,A,3000,surgical,0.303480,0.307646,0.661449,0.005981,0.513938,0.480081,0.079683,0.038027,0.011804
d61_seed2,61,A,3000,noise_only,0.303839,0.307691,0.703597,0.005533,0.574232,0.420235,0.023493,0.023985,0.010448
d61_seed2,61,A,5000,base,0.313491,0.314028,0.952567,0.000783,0.930906,0.068311,,,
d61_seed2,61,A,5000,surgical,0.300994,0.305899,0.625773,0.007017,0.464629,0.528354,0.327130,0.000336,0.011707
d61_seed2,61,A,5000,noise_only,0.286639,0.287423,0.942153,0.001099,0.918911,0.079990,0.023806,0.013392,0.010387
d61_seed2,61,A,7000,base,0.322292,0.322292,0.983942,0.000000,0.976306,0.023694,,,
d61_seed2,61,A,7000,surgical,0.301733,0.305966,0.605146,0.006062,0.434523,0.559415,0.378796,0.000000,0.011174
d61_seed2,61,A,7000,noise_only,0.266416,0.266662,0.976149,0.000336,0.967481,0.032183,0.014154,0.006360,0.008147
d61_seed2,61,A,9000,base,0.338753,0.338820,0.979643,0.000102,0.969214,0.030685,,,
d61_seed2,61,A,9000,surgical,0.307511,0.311005,0.605818,0.005045,0.430775,0.564180,0.373891,0.000067,0.009524
d61_seed2,61,A,9000,noise_only,0.298956,0.299136,0.970214,0.000256,0.957511,0.042234,0.017715,0.008286,0.006461
d61_seed4,61,I,3000,base,0.301868,0.305630,0.645929,0.005389,0.492830,0.501780,,,
d61_seed4,61,I,3000,surgical,0.302069,0.306168,0.652983,0.005872,0.502792,0.491336,0.039506,0.046560,0.011905
d61_seed4,61,I,3000,noise_only,0.301957,0.305966,0.647631,0.005743,0.495204,0.499053,0.018521,0.020223,0.012130
d61_seed4,61,I,5000,base,0.302741,0.305361,0.652177,0.003758,0.501156,0.495086,,,
d61_seed4,61,I,5000,surgical,0.302741,0.305361,0.658694,0.003758,0.510503,0.485739,0.034802,0.041320,0.005792
d61_seed4,61,I,5000,noise_only,0.302920,0.305518,0.651460,0.003727,0.500000,0.496273,0.017827,0.017110,0.008818
d61_seed4,61,I,7000,base,0.305899,0.307579,0.655603,0.002420,0.503823,0.493757,,,
d61_seed4,61,I,7000,surgical,0.306638,0.308318,0.661919,0.002422,0.512403,0.485174,0.035810,0.042126,0.007505
d61_seed4,61,I,7000,noise_only,0.305832,0.307623,0.656678,0.002581,0.505420,0.491999,0.017312,0.018387,0.003957
d61_seed4,61,I,9000,base,0.308788,0.310333,0.659164,0.002236,0.506901,0.490863,,,
d61_seed4,61,I,9000,surgical,0.308990,0.310602,0.660441,0.002333,0.508605,0.489062,0.033862,0.035138,0.005952
d61_seed4,61,I,9000,noise_only,0.308878,0.310512,0.660396,0.002366,0.508620,0.489015,0.015878,0.017110,0.005679
d61_seed6,61,B,3000,base,0.305160,0.314902,0.663666,0.014020,0.515954,0.470025,,,
d61_seed6,61,B,3000,surgical,0.304824,0.314432,0.665278,0.013820,0.518508,0.467672,0.045888,0.047501,0.013177
d61_seed6,61,B,3000,noise_only,0.305160,0.314768,0.662120,0.013827,0.513731,0.472442,0.022104,0.020559,0.026698
d61_seed6,61,B,5000,base,0.306772,0.316246,0.665950,0.013665,0.518124,0.468211,,,
d61_seed6,61,B,5000,surgical,0.306974,0.316649,0.661650,0.013960,0.511779,0.474261,0.046896,0.042596,0.020057
d61_seed6,61,B,5000,noise_only,0.306817,0.316492,0.665368,0.013957,0.517252,0.468791,0.021029,0.020447,0.025817
d61_seed6,61,B,7000,base,0.311946,0.323838,0.664606,0.017283,0.512548,0.470169,,,
d61_seed6,61,B,7000,surgical,0.311475,0.323367,0.663598,0.017272,0.511417,0.471311,0.040379,0.039371,0.024958
d61_seed6,61,B,7000,noise_only,0.311431,0.322987,0.662815,0.016782,0.510311,0.472907,0.019193,0.017401,0.034069
d61_seed6,61,B,9000,base,0.323770,0.336133,0.688793,0.018281,0.539791,0.441927,,,
d61_seed6,61,B,9000,surgical,0.323166,0.336200,0.685703,0.019257,0.535636,0.445106,0.044612,0.041521,0.037651
d61_seed6,61,B,9000,noise_only,0.323636,0.336245,0.688704,0.018642,0.539751,0.441608,0.020604,0.020514,0.035900
d61_seed8,61,A,3000,base,0.314432,0.314633,0.976754,0.000294,0.966092,0.033614,,,
d61_seed8,61,A,3000,surgical,0.300927,0.306033,0.625437,0.007304,0.464200,0.528496,0.351317,0.000000,0.012239
d61_seed8,61,A,3000,noise_only,0.280099,0.280525,0.967751,0.000591,0.955203,0.044206,0.017760,0.008757,0.020431
d61_seed8,61,A,5000,base,0.325517,0.325786,0.977694,0.000398,0.966929,0.032673,,,
d61_seed8,61,A,5000,surgical,0.300860,0.307444,0.597958,0.009418,0.424947,0.565635,0.379737,0.000000,0.014154
d61_seed8,61,A,5000,noise_only,0.284758,0.285161,0.969475,0.000564,0.957330,0.042106,0.017334,0.009115,0.018387
d61_seed8,61,A,7000,base,0.346748,0.346815,0.980449,0.000103,0.970071,0.029826,,,
d61_seed8,61,A,7000,surgical,0.309930,0.316447,0.597756,0.009444,0.417097,0.573459,0.382760,0.000067,0.014218
d61_seed8,61,A,7000,noise_only,0.305765,0.306078,0.969408,0.000452,0.955940,0.043608,0.018924,0.007883,0.026911
d61_seed8,61,A,9000,base,0.385515,0.385582,0.981927,0.000109,0.970588,0.029302,,,
d61_seed8,61,A,9000,surgical,0.326592,0.332236,0.596479,0.008381,0.400778,0.590841,0.385447,0.000000,0.013073
d61_seed8,61,A,9000,noise_only,0.327331,0.327533,0.969968,0.000299,0.955374,0.044328,0.019014,0.007055,0.008887
d61_seed9,61,B,3000,base,0.303480,0.308788,0.654327,0.007620,0.503714,0.488666,,,
d61_seed9,61,B,3000,surgical,0.303346,0.308721,0.654864,0.007715,0.504581,0.487704,0.045687,0.046224,0.010294
d61_seed9,61,B,3000,noise_only,0.303458,0.308654,0.652871,0.007459,0.501640,0.490901,0.021074,0.019618,0.018132
d61_seed9,61,B,5000,base,0.304354,0.308721,0.660508,0.006278,0.511976,0.481746,,,
d61_seed9,61,B,5000,surgical,0.304219,0.308519,0.662927,0.006180,0.515547,0.478273,0.037288,0.039707,0.009009
d61_seed9,61,B,5000,noise_only,0.304443,0.308743,0.660642,0.006182,0.512106,0.481712,0.017513,0.017648,0.015326
d61_seed9,61,B,7000,base,0.307847,0.311408,0.667092,0.005145,0.519025,0.475830,,,
d61_seed9,61,B,7000,surgical,0.308385,0.311946,0.670519,0.005149,0.523606,0.471245,0.039774,0.043201,0.010135
d61_seed9,61,B,7000,noise_only,0.307915,0.311386,0.666241,0.005016,0.517749,0.477235,0.020492,0.019641,0.018618
d61_seed9,61,B,9000,base,0.311475,0.313961,0.675289,0.003610,0.528396,0.467994,,,
d61_seed9,61,B,9000,surgical,0.312214,0.314768,0.676162,0.003712,0.529159,0.467129,0.030435,0.031309,0.013245
d61_seed9,61,B,9000,noise_only,0.311811,0.314163,0.675155,0.003417,0.527970,0.468613,0.014311,0.014176,0.009291
d63_seed0,63,B,3000,base,0.301083,0.308453,0.645818,0.010544,0.493241,0.496215,,,
d63_seed0,63,B,3000,surgical,0.301146,0.308453,0.646510,0.010455,0.494187,0.495358,0.038990,0.039683,0.022617
d63_seed0,63,B,3000,noise_only,0.301251,0.308600,0.645083,0.010517,0.492067,0.497416,0.018623,0.017889,0.012475
d63_seed0,63,B,5000,base,0.302154,0.309650,0.651927,0.010741,0.501219,0.488040,,,
d63_seed0,63,B,5000,surgical,0.302280,0.309650,0.654321,0.010562,0.504559,0.484879,0.037604,0.039997,0.023451
d63_seed0,63,B,5000,noise_only,0.302385,0.309734,0.651340,0.010534,0.500211,0.489255,0.018288,0.017700,0.031161
d63_seed0,63,B,7000,base,0.303099,0.311602,0.649786,0.012202,0.497469,0.490329,,,
d63_seed0,63,B,7000,surgical,0.303162,0.311665,0.650290,0.012203,0.498147,0.489650,0.034140,0.034643,0.023985
d63_seed0,63,B,7000,noise_only,0.303183,0.311497,0.649723,0.011932,0.497318,0.490750,0.015579,0.015516,0.021614
d63_seed0,63,B,9000,base,0.304548,0.313870,0.653439,0.013405,0.501676,0.484920,,,
d63_seed0,63,B,9000,surgical,0.304674,0.313807,0.656022,0.013135,0.505299,0.481565,0.032943,0.035525,0.030593
d63_seed0,63,B,9000,noise_only,0.304506,0.313660,0.653712,0.013162,0.502098,0.484740,0.016461,0.016734,0.034455
d63_seed1,63,B,3000,base,0.302595,0.309272,0.655077,0.009574,0.505419,0.485007,,,
d63_seed1,63,B,3000,surgical,0.302595,0.308264,0.658919,0.008129,0.510928,0.480943,0.042013,0.045855,0.022489
d63_seed1,63,B,3000,noise_only,0.302721,0.309125,0.655035,0.009184,0.505269,0.485547,0.020786,0.020744,0.031413
d63_seed1,63,B,5000,base,0.303792,0.311350,0.655581,0.010857,0.505293,0.483851,,,
d63_seed1,63,B,5000,surgical,0.304422,0.312169,0.660872,0.011138,0.512451,0.476410,0.039179,0.044470,0.025723
d63_seed1,63,B,5000,noise_only,0.303792,0.311602,0.655602,0.011219,0.505323,0.483458,0.019442,0.019463,0.031405
d63_seed1,63,B,7000,base,0.314059,0.321177,0.676241,0.010376,0.528007,0.461616,,,
d63_seed1,63,B,7000,surgical,0.314437,0.321744,0.678571,0.010658,0.531147,0.458196,0.028849,0.031179,0.008734
d63_seed1,63,B,7000,noise_only,0.314080,0.321198,0.675401,0.010377,0.526769,0.462854,0.014697,0.013857,0.014362
d63_seed1,63,B,9000,base,0.405518,0.408289,0.860040,0.004662,0.764569,0.230769,,,
d63_seed1,63,B,9000,surgical,0.404447,0.407911,0.851978,0.005817,0.751454,0.242729,0.035525,0.027463,0.017730
d63_seed1,63,B,9000,noise_only,0.404237,0.407134,0.856345,0.004863,0.758874,0.236263,0.017259,0.013563,0.021525
d63_seed2,63,A,3000,base,0.301398,0.307004,0.656337,0.008025,0.508070,0.483906,,,
d63_seed2,63,A,3000,surgical,0.299320,0.305304,0.648904,0.008540,0.498921,0.492539,0.053666,0.046233,0.024648
d63_seed2,63,A,3000,noise_only,0.299467,0.305052,0.656589,0.007972,0.509786,0.482242,0.021962,0.022214,0.020098
d63_seed2,63,A,5000,base,0.302910,0.308831,0.670005,0.008494,0.526611,0.464896,,,
d63_seed2,63,A,5000,surgical,0.302154,0.308138,0.652368,0.008575,0.501850,0.489575,0.067271,0.049635,0.014045
d63_seed2,63,A,5000,noise_only,0.302637,0.308537,0.669690,0.008460,0.526344,0.465195,0.024691,0.024376,0.016943
d63_seed2,63,A,7000,base,0.305556,0.309587,0.732552,0.005805,0.614875,0.379320,,,
d63_seed2,63,A,7000,surgical,0.303981,0.309965,0.647707,0.008597,0.493846,0.497557,0.125535,0.040690,0.017060
d63_seed2,63,A,7000,noise_only,0.304947,0.309041,0.729109,0.005891,0.610259,0.383850,0.029919,0.026476,0.012605
d63_seed2,63,A,9000,base,0.314878,0.315760,0.956223,0.001287,0.936104,0.062609,,,
d63_seed2,63,A,9000,surgical,0.304800,0.309965,0.611489,0.007430,0.441152,0.551418,0.345238,0.000504,0.015143
d63_seed2,63,A,9000,noise_only,0.292664,0.293609,0.945137,0.001336,0.922437,0.076227,0.024649,0.013563,0.012748
d63_seed3,63,B,3000,base,0.305052,0.311476,0.653943,0.009245,0.502039,0.488716,,,
d63_seed3,63,B,3000,surgical,0.305367,0.312106,0.653754,0.009703,0.501542,0.488756,0.039116,0.038927,0.027375
d63_seed3,63,B,3000,noise_only,0.305220,0.311833,0.653292,0.009519,0.500982,0.489499,0.017532,0.016881,0.018930
d63_seed3,63,B,5000,base,0.307130,0.315004,0.652368,0.011364,0.498273,0.490364,,,
d63_seed3,63,B,5000,surgical,0.308264,0.316201,0.661691,0.011473,0.510927,0.477600,0.038486,0.047808,0.018003
d63_seed3,63,B,5000,noise_only,0.306899,0.314857,0.652452,0.011481,0.498561,0.489958,0.020576,0.020660,0.015270
d63_seed3,63,B,7000,base,0.312421,0.319224,0.664777,0.009894,0.512459,0.477647,,,
d63_seed3,63,B,7000,surgical,0.313429,0.320547,0.667737,0.010367,0.516055,0.473578,0.028786,0.031746,0.024070
d63_seed3,63,B,7000,noise_only,0.312631,0.319371,0.664567,0.009805,0.512005,0.478190,0.015096,0.014886,0.015010
d63_seed3,63,B,9000,base,0.321114,0.326720,0.679327,0.008258,0.527649,0.464094,,,
d63_seed3,63,B,9000,surgical,0.321492,0.327475,0.684933,0.008819,0.535648,0.455533,0.027337,0.032943,0.016129
d63_seed3,63,B,9000,noise_only,0.321974,0.327601,0.679432,0.008299,0.527205,0.464496,0.014550,0.014655,0.014809
d63_seed4,63,B,3000,base,0.305178,0.312106,0.667611,0.009972,0.521621,0.468407,,,
d63_seed4,63,B,3000,surgical,0.305052,0.311791,0.667800,0.009698,0.521980,0.468322,0.044407,0.044596,0.015603
d63_seed4,63,B,3000,noise_only,0.305031,0.311770,0.668871,0.009698,0.523534,0.466768,0.019022,0.020282,0.024420
d63_seed4,63,B,5000,base,0.308138,0.314815,0.687516,0.009650,0.548343,0.442007,,,
d63_seed4,63,B,5000,surgical,0.308264,0.314752,0.691358,0.009379,0.553815,0.436806,0.038549,0.042391,0.016340
d63_seed4,63,B,5000,noise_only,0.307970,0.315109,0.687600,0.010316,0.548574,0.441111,0.018938,0.019022,0.018809
d63_seed4,63,B,7000,base,0.312799,0.320043,0.733056,0.010541,0.611549,0.377910,,,
d63_seed4,63,B,7000,surgical,0.312988,0.319791,0.734253,0.009902,0.613184,0.376914,0.032439,0.033636,0.013592
d63_seed4,63,B,7000,noise_only,0.313009,0.320358,0.731922,0.010697,0.609780,0.379523,0.016503,0.015369,0.019066
d63_seed4,63,B,9000,base,0.340766,0.348325,0.800517,0.011466,0.697401,0.291133,,,
d63_seed4,63,B,9000,surgical,0.340955,0.348199,0.799950,0.010991,0.696454,0.292555,0.021227,0.020660,0.029674
d63_seed4,63,B,9000,noise_only,0.340955,0.348513,0.800328,0.011469,0.697027,0.291503,0.010645,0.010456,0.043050
d63_seed5,63,B,3000,base,0.308264,0.316075,0.649849,0.011291,0.493808,0.494901,,,
d63_seed5,63,B,3000,surgical,0.308012,0.315886,0.654447,0.011378,0.500637,0.487985,0.028471,0.033069,0.026549
d63_seed5,63,B,3000,noise_only,0.308243,0.316159,0.650899,0.011443,0.495341,0.493217,0.014130,0.015180,0.020877
d63_seed5,63,B,5000,base,0.319602,0.327349,0.666226,0.011387,0.509443,0.479171,,,
d63_seed5,63,B,5000,surgical,0.319917,0.327727,0.666604,0.011485,0.509771,0.478744,0.023495,0.023873,0.016086
d63_seed5,63,B,5000,noise_only,0.319035,0.326888,0.665071,0.011532,0.508156,0.480313,0.011968,0.010813,0.017273
d63_seed5,63,B,7000,base,0.365016,0.371063,0.723986,0.009523,0.565321,0.425156,,,
d63_seed5,63,B,7000,surgical,0.366024,0.372260,0.724301,0.009836,0.565127,0.425037,0.027652,0.027967,0.011390
d63_seed5,63,B,7000,noise_only,0.365814,0.371924,0.724448,0.009634,0.565504,0.424862,0.012913,0.013374,0.014537
d63_seed5,63,B,9000,base,0.631015,0.631519,0.946082,0.001366,0.853875,0.144759,,,
d63_seed5,63,B,9000,surgical,0.630448,0.631078,0.943626,0.001704,0.847452,0.150844,0.008440,0.005984,0.014925
d63_seed5,63,B,9000,noise_only,0.628538,0.629105,0.946082,0.001526,0.854850,0.143624,0.003443,0.003443,0.024146
d63_seed6,63,B,3000,base,0.302973,0.307256,0.654510,0.006145,0.504338,0.489517,,,
d63_seed6,63,B,3000,surgical,0.303162,0.307445,0.657344,0.006147,0.508271,0.485583,0.037352,0.040186,0.013491
d63_seed6,63,B,3000,noise_only,0.302910,0.307613,0.655959,0.006747,0.506461,0.486793,0.017889,0.019337,0.013361
d63_seed6,63,B,5000,base,0.303414,0.308768,0.649849,0.007686,0.497332,0.494981,,,
d63_seed6,63,B,5000,surgical,0.303288,0.308390,0.651990,0.007323,0.500497,0.492180,0.039746,0.041887,0.015848
d63_seed6,63,B,5000,noise_only,0.303099,0.308348,0.649660,0.007532,0.497289,0.495180,0.018561,0.018372,0.012362
d63_seed6,63,B,7000,base,0.305870,0.310217,0.654762,0.006261,0.502632,0.491107,,,
d63_seed6,63,B,7000,surgical,0.306059,0.310532,0.655644,0.006445,0.503767,0.489789,0.036974,0.037856,0.013629
d63_seed6,63,B,7000,noise_only,0.306080,0.310511,0.653628,0.006384,0.500847,0.492769,0.017826,0.016692,0.009431
d63_seed6,63,B,9000,base,0.310721,0.314437,0.656148,0.005392,0.501142,0.493466,,,
d63_seed6,63,B,9000,surgical,0.310280,0.313933,0.660935,0.005297,0.508402,0.486301,0.031872,0.036659,0.001976
d63_seed6,63,B,9000,noise_only,0.310574,0.314269,0.656945,0.005360,0.502406,0.492234,0.015705,0.016503,0.003825
d63_seed7,63,B,3000,base,0.303603,0.309776,0.651298,0.008864,0.499276,0.491860,,,
d63_seed7,63,B,3000,surgical,0.303918,0.310406,0.651990,0.009320,0.500045,0.490634,0.043399,0.044092,0.023222
d63_seed7,63,B,3000,noise_only,0.303624,0.309650,0.652074,0.008653,0.500377,0.490970,0.018896,0.019673,0.018739
d63_seed7,63,B,5000,base,0.305430,0.312358,0.653628,0.009976,0.501315,0.488710,,,
d63_seed7,63,B,5000,surgical,0.306248,0.313177,0.655959,0.009987,0.504086,0.485927,0.037604,0.039934,0.010050
d63_seed7,63,B,5000,noise_only,0.305367,0.311749,0.655098,0.009189,0.503476,0.487335,0.018309,0.019778,0.019557
d63_seed7,63,B,7000,base,0.311162,0.318090,0.655329,0.010059,0.499634,0.490307,,,
d63_seed7,63,B,7000,surgical,0.311036,0.317964,0.656589,0.010057,0.501554,0.488389,0.036911,0.038171,0.018771
d63_seed7,63,B,7000,noise_only,0.311015,0.318048,0.656778,0.010209,0.501844,0.487948,0.018183,0.019631,0.012673
d63_seed7,63,B,9000,base,0.323633,0.330499,0.670698,0.010151,0.513131,0.476718,,,
d63_seed7,63,B,9000,surgical,0.323129,0.329932,0.671391,0.010050,0.514517,0.475433,0.030549,0.031242,0.030928
d63_seed7,63,B,9000,noise_only,0.323822,0.330604,0.670635,0.010030,0.512901,0.477070,0.014088,0.014025,0.020836
d63_seed8,63,A,3000,base,0.304107,0.309209,0.669060,0.007332,0.524439,0.468230,,,
d63_seed8,63,A,3000,surgical,0.304611,0.310280,0.655014,0.008152,0.503895,0.487953,0.061539,0.047493,0.016377
d63_seed8,63,A,3000,noise_only,0.304212,0.309671,0.668598,0.007846,0.523703,0.468451,0.023495,0.023033,0.017745
d63_seed8,63,A,5000,base,0.306626,0.311224,0.707609,0.006632,0.578307,0.415062,,,
d63_seed8,63,A,5000,surgical,0.306437,0.311287,0.664903,0.006993,0.516847,0.476160,0.085349,0.042643,0.018450
d63_seed8,63,A,5000,noise_only,0.307004,0.311539,0.706496,0.006544,0.576471,0.416985,0.025909,0.024796,0.012186
d63_seed8,63,A,7000,base,0.316012,0.317523,0.894684,0.002210,0.846026,0.151764,,,
d63_seed8,63,A,7000,surgical,0.310028,0.314563,0.652116,0.006573,0.495801,0.497626,0.250693,0.008125,0.016834
d63_seed8,63,A,7000,noise_only,0.311707,0.313324,0.887125,0.002349,0.836008,0.161643,0.026707,0.019148,0.018191
d63_seed8,63,A,9000,base,0.331381,0.331759,0.971655,0.000565,0.957607,0.041828,,,
d63_seed8,63,A,9000,surgical,0.311791,0.317460,0.620559,0.008237,0.448655,0.543108,0.351096,0.000000,0.015788
d63_seed8,63,A,9000,noise_only,0.293525,0.294008,0.962879,0.000684,0.947451,0.051865,0.017574,0.008797,0.011863
d63_seed9,63,B,3000,base,0.304611,0.310847,0.666856,0.008967,0.520924,0.470109,,,
d63_seed9,63,B,3000,surgical,0.304989,0.311224,0.668115,0.008972,0.522476,0.468552,0.038234,0.039494,0.011532
d63_seed9,63,B,3000,noise_only,0.304695,0.310910,0.666226,0.008938,0.519960,0.471102,0.018246,0.017616,0.012525
d63_seed9,63,B,5000,base,0.309083,0.316075,0.684114,0.010119,0.542802,0.447078,,,
d63_seed9,63,B,5000,surgical,0.309839,0.317082,0.687390,0.010496,0.547048,0.442457,0.032439,0.035714,0.015534
d63_seed9,63,B,5000,noise_only,0.308999,0.316243,0.684009,0.010483,0.542706,0.446811,0.015264,0.015159,0.020657
d63_seed9,63,B,7000,base,0.325271,0.331948,0.722474,0.009895,0.588686,0.401419,,,
d63_seed9,63,B,7000,surgical,0.325397,0.332011,0.724175,0.009804,0.591130,0.399066,0.025069,0.026770,0.022613
d63_seed9,63,B,7000,noise_only,0.325061,0.331696,0.722390,0.009830,0.588689,0.401481,0.012073,0.011989,0.016914
d63_seed9,63,B,9000,base,0.391345,0.394621,0.821429,0.005381,0.706613,0.288006,,,
d63_seed9,63,B,9000,surgical,0.391093,0.394558,0.821681,0.005689,0.707148,0.287163,0.013731,0.013983,0.041284
d63_seed9,63,B,9000,noise_only,0.391051,0.394474,0.821450,0.005620,0.706789,0.287591,0.007265,0.007286,0.017445
