run,n,cls,edit,overall,index,type,err_type_only,err_index_only,err_both
d47_seed0,47,A,base,1.000000,1.000000,1.000000,0.000000,0.000000,0.000000
d47_seed0,47,A,crude,0.864531,0.864531,0.864531,0.000000,0.000000,1.000000
d47_seed0,47,A,surgical,0.871661,0.871661,0.871661,0.000000,0.000000,1.000000
d47_seed0,47,A,noise_only,0.869436,0.869436,0.985363,0.000000,0.888248,0.111752
d47_seed1,47,A,base,1.000000,1.000000,1.000000,0.000000,0.000000,0.000000
d47_seed1,47,A,crude,0.710276,0.710276,0.710276,0.000000,0.000000,1.000000
d47_seed1,47,A,surgical,0.683228,0.683228,0.683228,0.000000,0.000000,1.000000
d47_seed1,47,A,noise_only,0.764184,0.764184,0.969217,0.000000,0.868985,0.131015
d47_seed3,47,A,base,1.000000,1.000000,1.000000,0.000000,0.000000,0.000000
d47_seed3,47,A,crude,0.950317,0.950317,0.950317,0.000000,0.000000,1.000000
d47_seed3,47,A,surgical,0.955523,0.955636,0.955523,0.002545,0.000000,0.997455
d47_seed3,47,A,noise_only,0.944281,0.944281,0.993738,0.000000,0.887009,0.112991
d47_seed4,47,B,base,1.000000,1.000000,1.000000,0.000000,0.000000,0.000000
d47_seed4,47,B,crude,0.998981,0.998981,0.999547,0.000000,0.555556,0.444444
d47_seed4,47,B,surgical,1.000000,1.000000,1.000000,0.000000,0.000000,0.000000
d47_seed4,47,B,noise_only,0.999887,0.999887,1.000000,0.000000,0.666667,0.000000
d47_seed7,47,A,base,1.000000,1.000000,1.000000,0.000000,0.000000,0.000000
d47_seed7,47,A,crude,0.867587,0.869511,0.867587,0.014530,0.000000,0.985470
d47_seed7,47,A,surgical,0.864192,0.865776,0.864192,0.011667,0.000000,0.988333
d47_seed7,47,A,noise_only,0.862721,0.863098,0.980836,0.002847,0.859372,0.137782
d47_seed8,47,A,base,0.999660,0.999660,1.000000,0.000000,1.000000,0.000000
d47_seed8,47,A,crude,0.860684,0.861928,0.861136,0.008936,0.003249,0.987815
d47_seed8,47,A,surgical,0.860344,0.860344,0.860457,0.000000,0.000810,0.999190
d47_seed8,47,A,noise_only,0.802965,0.802965,0.977705,0.000000,0.886822,0.113178
d47_seed9,47,A,base,1.000000,1.000000,1.000000,0.000000,0.000000,0.000000
d47_seed9,47,A,crude,0.927456,0.927682,0.927569,0.003120,0.001560,0.995320
d47_seed9,47,A,surgical,0.981553,0.981779,0.981553,0.012270,0.000000,0.987730
d47_seed9,47,A,noise_only,0.917761,0.917761,0.998340,0.000000,0.979509,0.020491
d51_seed0,51,B,base,0.996924,0.996924,1.000000,0.000000,1.000000,0.000000
d51_seed0,51,B,crude,0.995579,0.995579,0.999616,0.000000,0.913043,0.086957
d51_seed0,51,B,surgical,0.996732,0.996732,0.999808,0.000000,0.941176,0.058824
d51_seed0,51,B,noise_only,0.995515,0.995515,0.999904,0.000000,0.978390,0.021610
d51_seed2,51,A,base,1.000000,1.000000,1.000000,0.000000,0.000000,0.000000
d51_seed2,51,A,crude,0.898789,0.898885,0.898789,0.000950,0.000000,0.999050
d51_seed2,51,A,surgical,0.879566,0.879662,0.879566,0.000798,0.000000,0.999202
d51_seed2,51,A,noise_only,0.869698,0.869698,0.978342,0.000000,0.834324,0.165676
d53_seed1,53,A,base,1.000000,1.000000,1.000000,0.000000,0.000000,0.000000
d53_seed1,53,A,crude,0.890441,0.891687,0.890530,0.011373,0.000812,0.987815
d53_seed1,53,A,surgical,0.849947,0.851460,0.849947,0.010083,0.000000,0.989917
d53_seed1,53,A,noise_only,0.853892,0.854011,0.987510,0.000824,0.914161,0.085015
d53_seed2,53,B,base,1.000000,1.000000,1.000000,0.000000,0.000000,0.000000
d53_seed2,53,B,crude,0.981043,0.981043,0.985226,0.000000,0.220657,0.779343
d53_seed2,53,B,surgical,1.000000,1.000000,1.000000,0.000000,0.000000,0.000000
d53_seed2,53,B,noise_only,0.999585,0.999585,1.000000,0.000000,1.000000,0.000000
d55_seed0,55,B,base,1.000000,1.000000,1.000000,0.000000,0.000000,0.000000
d55_seed0,55,B,crude,0.988678,0.989091,0.988926,0.036496,0.021898,0.941606
d55_seed0,55,B,surgical,1.000000,1.000000,1.000000,0.000000,0.000000,0.000000
d55_seed0,55,B,noise_only,1.000000,1.000000,1.000000,0.000000,0.000000,0.000000
d55_seed2,55,B,base,0.997438,0.997438,0.999917,0.000000,0.967742,0.032258
d55_seed2,55,B,crude,0.995207,0.995207,0.998430,0.000000,0.672414,0.327586
d55_seed2,55,B,surgical,0.994793,0.994793,0.997107,0.000000,0.444444,0.555556
d55_seed2,55,B,noise_only,0.987163,0.987163,0.999532,0.000000,0.963547,0.036453
d59_30pct_seed0,59,A,base,1.000000,1.000000,1.000000,0.000000,0.000000,0.000000
d59_30pct_seed0,59,A,crude,0.900675,0.900675,0.900675,0.000000,0.000000,1.000000
d59_30pct_seed0,59,A,surgical,0.894355,0.894355,0.894355,0.000000,0.000000,1.000000
d59_30pct_seed0,59,A,noise_only,0.877334,0.877334,0.987743,0.000000,0.900078,0.099922
d59_30pct_seed1,59,A,base,0.999785,0.999785,1.000000,0.000000,1.000000,0.000000
d59_30pct_seed1,59,A,crude,0.948363,0.948363,0.948578,0.000000,0.004172,0.995828
d59_30pct_seed1,59,A,surgical,0.946783,0.946783,0.946854,0.000000,0.001350,0.998650
d59_30pct_seed1,59,A,noise_only,0.925500,0.925500,0.994159,0.000000,0.920095,0.079905
d59_30pct_seed3,59,A,base,1.000000,1.000000,1.000000,0.000000,0.000000,0.000000
d59_30pct_seed3,59,A,crude,0.892488,0.893134,0.892703,0.006012,0.002004,0.991984
d59_30pct_seed3,59,A,surgical,0.868429,0.869937,0.868429,0.011463,0.000000,0.988537
d59_30pct_seed3,59,A,noise_only,0.805300,0.805444,0.984272,0.000774,0.919087,0.080139
d59_30pct_seed4_resumed,59,A,base,0.995906,0.995906,0.999928,0.000000,0.982456,0.017544
d59_30pct_seed4_resumed,59,A,crude,0.900531,0.900531,0.903189,0.000000,0.026715,0.973285
d59_30pct_seed4_resumed,59,A,surgical,0.901321,0.901321,0.903332,0.000000,0.020378,0.979622
d59_30pct_seed4_resumed,59,A,noise_only,0.875108,0.875108,0.990113,0.000000,0.920832,0.079168
d61_seed0,61,B,base,1.000000,1.000000,1.000000,0.000000,0.000000,0.000000
d61_seed0,61,B,crude,0.996977,0.996977,0.997313,0.000000,0.111111,0.888889
d61_seed0,61,B,surgical,1.000000,1.000000,1.000000,0.000000,0.000000,0.000000
d61_seed0,61,B,noise_only,0.999955,0.999955,1.000000,0.000000,0.666667,0.000000
d61_seed1,61,B,base,1.000000,1.000000,1.000000,0.000000,0.000000,0.000000
d61_seed1,61,B,crude,0.995902,0.995902,0.996103,0.000000,0.049180,0.950820
d61_seed1,61,B,surgical,1.000000,1.000000,1.000000,0.000000,0.000000,0.000000
d61_seed1,61,B,noise_only,0.999978,0.999978,0.999978,0.000000,0.000000,0.333333
d61_seed2,61,A,base,1.000000,1.000000,1.000000,0.000000,0.000000,0.000000
d61_seed2,61,A,crude,0.895257,0.897272,0.895458,0.019243,0.001924,0.978833
d61_seed2,61,A,surgical,0.883365,0.886522,0.883365,0.027074,0.000000,0.972926
d61_seed2,61,A,noise_only,0.897295,0.897899,0.983226,0.005927,0.836114,0.157959
d61_seed6,61,B,base,1.000000,1.000000,1.000000,0.000000,0.000000,0.000000
d61_seed6,61,B,crude,0.981994,0.981994,0.986697,0.000000,0.261194,0.738806
d61_seed6,61,B,surgical,1.000000,1.000000,1.000000,0.000000,0.000000,0.000000
d61_seed6,61,B,noise_only,0.999955,0.999955,1.000000,0.000000,0.666667,0.000000
d61_seed8,61,A,base,1.000000,1.000000,1.000000,0.000000,0.000000,0.000000
d61_seed8,61,A,crude,0.986899,0.986899,0.986899,0.000000,0.000000,1.000000
d61_seed8,61,A,surgical,0.988981,0.988981,0.988981,0.000000,0.000000,1.000000
d61_seed8,61,A,noise_only,0.959823,0.959823,0.998500,0.000000,0.962607,0.037393
d61_seed9,61,B,base,1.000000,1.000000,1.000000,0.000000,0.000000,0.000000
d61_seed9,61,B,crude,0.958277,0.963719,0.964727,0.130435,0.154589,0.714976
d61_seed9,61,B,surgical,1.000000,1.000000,1.000000,0.000000,0.000000,0.000000
d61_seed9,61,B,noise_only,0.998522,0.998522,0.999910,0.000000,0.952614,0.047386
d63_seed0,63,B,base,1.000000,1.000000,1.000000,0.000000,0.000000,0.000000
d63_seed0,63,B,crude,0.999496,0.999496,0.999622,0.000000,0.250000,0.750000
d63_seed0,63,B,surgical,0.999874,0.999874,0.999874,0.000000,0.000000,1.000000
d63_seed0,63,B,noise_only,0.999748,0.999748,0.999937,0.000000,0.722222,0.277778
d63_seed1,63,B,base,1.000000,1.000000,1.000000,0.000000,0.000000,0.000000
d63_seed1,63,B,crude,0.978584,0.978584,0.983056,0.000000,0.208824,0.791176
d63_seed1,63,B,surgical,1.000000,1.000000,1.000000,0.000000,0.000000,0.000000
d63_seed1,63,B,noise_only,1.000000,1.000000,1.000000,0.000000,0.000000,0.000000
d63_seed2,63,A,base,1.000000,1.000000,1.000000,0.000000,0.000000,0.000000
d63_seed2,63,A,crude,0.810973,0.810973,0.810973,0.000000,0.000000,1.000000
d63_seed2,63,A,surgical,0.799320,0.799320,0.799320,0.000000,0.000000,1.000000
d63_seed2,63,A,noise_only,0.795918,0.795918,0.985324,0.000000,0.928418,0.071582
d63_seed3,63,B,base,1.000000,1.000000,1.000000,0.000000,0.000000,0.000000
d63_seed3,63,B,crude,0.951247,0.951247,0.981670,0.000000,0.624031,0.375969
d63_seed3,63,B,surgical,0.999685,0.999685,0.999685,0.000000,0.000000,1.000000
d63_seed3,63,B,noise_only,0.999601,0.999601,0.999811,0.000000,0.533333,0.466667
d63_seed4,63,B,base,1.000000,1.000000,1.000000,0.000000,0.000000,0.000000
d63_seed4,63,B,crude,0.705530,0.705656,0.918178,0.000428,0.722139,0.277433
d63_seed4,63,B,surgical,0.997480,0.997669,0.997480,0.075000,0.000000,0.925000
d63_seed4,63,B,noise_only,0.996578,0.996683,0.999202,0.029980,0.762492,0.207528
d63_seed5,63,B,base,1.000000,1.000000,1.000000,0.000000,0.000000,0.000000
d63_seed5,63,B,crude,0.997040,0.997040,0.999181,0.000000,0.723404,0.276596
d63_seed5,63,B,surgical,0.999937,0.999937,0.999937,0.000000,0.000000,1.000000
d63_seed5,63,B,noise_only,0.999706,0.999706,1.000000,0.000000,1.000000,0.000000
d63_seed6,63,B,base,1.000000,1.000000,1.000000,0.000000,0.000000,0.000000
d63_seed6,63,B,crude,0.994205,0.994331,0.995024,0.021739,0.141304,0.836957
d63_seed6,63,B,surgical,0.999937,0.999937,0.999937,0.000000,0.000000,1.000000
d63_seed6,63,B,noise_only,0.999937,0.999937,0.999958,0.000000,0.166667,0.500000
d63_seed7,63,B,base,1.000000,1.000000,1.000000,0.000000,0.000000,0.000000
d63_seed7,63,B,crude,0.965860,0.966427,0.988095,0.016605,0.651292,0.332103
d63_seed7,63,B,surgical,0.999937,0.999937,0.999937,0.000000,0.000000,1.000000
d63_seed7,63,B,noise_only,0.998971,0.998971,0.999874,0.000000,0.878916,0.121084
d63_seed8,63,A,base,1.000000,1.000000,1.000000,0.000000,0.000000,0.000000
d63_seed8,63,A,crude,0.936004,0.936004,0.936004,0.000000,0.000000,1.000000
d63_seed8,63,A,surgical,0.922777,0.922777,0.922777,0.000000,0.000000,1.000000
d63_seed8,63,A,noise_only,0.880511,0.880511,0.985555,0.000000,0.878459,0.121541
d63_seed9,63,B,base,1.000000,1.000000,1.000000,0.000000,0.000000,0.000000
d63_seed9,63,B,crude,0.998992,0.998992,0.998992,0.000000,0.000000,1.000000
d63_seed9,63,B,surgical,0.999811,0.999811,0.999811,0.000000,0.000000,1.000000
d63_seed9,63,B,noise_only,0.999916,0.999916,0.999916,0.000000,0.000000,0.333333
