n,seed,dc_frac,mean_cos,med_conc
47,0,0.019395,0.140123,0.153597
47,1,0.019729,0.139978,0.154906
47,2,0.019135,0.138293,0.153981
47,3,0.023738,0.153645,0.154766
47,4,0.018998,0.136973,0.154296
47,5,0.017622,0.133782,0.153770
47,6,0.018950,0.138509,0.155085
47,7,0.020285,0.141782,0.159207
47,8,0.021362,0.146487,0.155233
47,9,0.023208,0.152284,0.154994
47,10,0.018471,0.134838,0.155128
47,11,0.022849,0.152037,0.155420
47,12,0.018878,0.137367,0.155996
47,13,0.020373,0.143258,0.153927
47,14,0.023979,0.154760,0.154618
47,15,0.022232,0.150049,0.156654
47,16,0.024211,0.155321,0.155171
47,17,0.022891,0.152200,0.156326
47,18,0.023040,0.151504,0.153909
47,19,0.022361,0.149237,0.154541
47,20,0.018541,0.135930,0.153618
47,21,0.026317,0.161058,0.153489
47,22,0.023896,0.154148,0.153860
47,23,0.022933,0.150686,0.155161
47,24,0.020021,0.140293,0.156796
47,25,0.019602,0.140871,0.153599
47,26,0.022300,0.148773,0.155771
47,27,0.022723,0.150079,0.154482
47,28,0.018271,0.134770,0.154148
47,29,0.023402,0.152668,0.153702
51,0,0.019989,0.140946,0.144613
51,1,0.023220,0.151193,0.146243
51,2,0.019521,0.138143,0.146374
51,3,0.018242,0.134932,0.146370
51,4,0.014083,0.117662,0.146340
51,5,0.019885,0.141113,0.146005
51,6,0.018622,0.135563,0.145826
51,7,0.018506,0.134900,0.143823
51,8,0.020697,0.144610,0.143334
51,9,0.020619,0.143121,0.144793
51,10,0.016600,0.127786,0.147060
51,11,0.017106,0.130480,0.146679
51,12,0.015301,0.123454,0.140276
51,13,0.020288,0.140762,0.144733
51,14,0.017798,0.133472,0.145735
51,15,0.021680,0.146967,0.145722
51,16,0.027123,0.165017,0.144193
51,17,0.017086,0.129911,0.146492
51,18,0.018180,0.136525,0.143991
51,19,0.019585,0.139073,0.148309
51,20,0.019653,0.140072,0.144588
51,21,0.020391,0.143157,0.145951
51,22,0.019165,0.137707,0.144319
51,23,0.019967,0.141900,0.143614
51,24,0.021566,0.146832,0.147368
51,25,0.022099,0.148250,0.145670
51,26,0.019267,0.137355,0.145142
51,27,0.018437,0.136139,0.147004
51,28,0.016640,0.128077,0.146382
51,29,0.018723,0.136693,0.144994
53,0,0.019903,0.139779,0.139864
53,1,0.021351,0.145940,0.143120
53,2,0.017082,0.129251,0.144089
53,3,0.016677,0.128999,0.140078
53,4,0.016709,0.129546,0.139219
53,5,0.020806,0.145099,0.140672
53,6,0.016822,0.129497,0.141910
53,7,0.021136,0.144265,0.142134
53,8,0.019316,0.139653,0.141367
53,9,0.021515,0.146624,0.139798
53,10,0.017136,0.131560,0.142105
53,11,0.021157,0.144544,0.141467
53,12,0.017173,0.131993,0.144641
53,13,0.017821,0.132595,0.143213
53,14,0.014160,0.118830,0.141923
53,15,0.017126,0.130746,0.141863
53,16,0.020574,0.144111,0.141876
53,17,0.019090,0.138229,0.140216
53,18,0.015548,0.124867,0.140491
53,19,0.020618,0.144456,0.144207
53,20,0.017235,0.131154,0.140949
53,21,0.022907,0.150228,0.141478
53,22,0.015869,0.126717,0.140619
53,23,0.020619,0.143613,0.142317
53,24,0.020266,0.141826,0.140377
53,25,0.017367,0.130385,0.142394
53,26,0.021061,0.145025,0.141839
53,27,0.020002,0.140898,0.143746
53,28,0.016055,0.125398,0.141905
53,29,0.017824,0.132822,0.141397
55,0,0.015534,0.123595,0.138859
55,1,0.018040,0.134320,0.137205
55,2,0.017985,0.133363,0.136075
55,3,0.018225,0.134153,0.138683
55,4,0.018511,0.134448,0.136414
55,5,0.017135,0.130474,0.136559
55,6,0.016411,0.127476,0.137491
55,7,0.020117,0.142489,0.134979
55,8,0.016414,0.126652,0.136881
55,9,0.019263,0.138421,0.137275
55,10,0.020916,0.143458,0.135696
55,11,0.017922,0.134224,0.138097
55,12,0.018274,0.134472,0.135995
55,13,0.020089,0.141463,0.137617
55,14,0.018088,0.133368,0.136727
55,15,0.017348,0.132017,0.138154
55,16,0.018827,0.137100,0.137828
55,17,0.019510,0.138087,0.137676
55,18,0.015892,0.125008,0.136529
55,19,0.020434,0.143494,0.137623
55,20,0.015831,0.125264,0.138061
55,21,0.021706,0.147374,0.135871
55,22,0.016601,0.128407,0.139789
55,23,0.014227,0.119328,0.136256
55,24,0.019983,0.140708,0.137965
55,25,0.016690,0.128268,0.134811
55,26,0.018428,0.134881,0.137636
55,27,0.020354,0.142904,0.136422
55,28,0.018102,0.134234,0.135980
55,29,0.018663,0.135525,0.137395
59,0,0.019476,0.139756,0.130966
59,1,0.018259,0.135290,0.130086
59,2,0.016242,0.128793,0.130360
59,3,0.018279,0.134151,0.133384
59,4,0.017492,0.133156,0.128685
59,5,0.012970,0.113311,0.130561
59,6,0.015668,0.125436,0.129007
59,7,0.017328,0.131824,0.129924
59,8,0.018083,0.133733,0.127859
59,9,0.016343,0.128384,0.128706
59,10,0.019153,0.138292,0.129877
59,11,0.018220,0.133622,0.131295
59,12,0.013835,0.118245,0.130649
59,13,0.014585,0.121053,0.130222
59,14,0.020390,0.141775,0.128329
59,15,0.014251,0.118399,0.132153
59,16,0.021492,0.145765,0.129870
59,17,0.014853,0.120782,0.130289
59,18,0.016803,0.129707,0.130481
59,19,0.018522,0.134770,0.132388
59,20,0.017432,0.134176,0.130801
59,21,0.016411,0.127679,0.129182
59,22,0.015940,0.125882,0.128759
59,23,0.020329,0.142113,0.131756
59,24,0.017864,0.132665,0.129835
59,25,0.019068,0.138071,0.130495
59,26,0.017696,0.132226,0.130737
59,27,0.016236,0.127707,0.129955
59,28,0.015426,0.124801,0.129306
59,29,0.016184,0.127438,0.131043
61,0,0.016051,0.126220,0.127359
61,1,0.017700,0.132386,0.127374
61,2,0.015442,0.124191,0.128530
61,3,0.016295,0.126978,0.127885
61,4,0.014750,0.121942,0.127623
61,5,0.016485,0.127202,0.127506
61,6,0.015167,0.121846,0.124950
61,7,0.015560,0.124417,0.128306
61,8,0.014577,0.120237,0.126635
61,9,0.015040,0.122992,0.127269
61,10,0.016592,0.128049,0.125600
61,11,0.018508,0.136848,0.127890
61,12,0.016198,0.125636,0.124910
61,13,0.015361,0.124001,0.125896
61,14,0.019778,0.140055,0.125580
61,15,0.014021,0.118068,0.125288
61,16,0.015763,0.125183,0.126817
61,17,0.016125,0.126597,0.126470
61,18,0.014931,0.121855,0.128072
61,19,0.017394,0.133079,0.129081
61,20,0.021880,0.148248,0.126657
61,21,0.015370,0.124909,0.128030
61,22,0.015600,0.124011,0.126039
61,23,0.018994,0.137856,0.127571
61,24,0.020819,0.144275,0.127356
61,25,0.016516,0.128210,0.126848
61,26,0.015586,0.125026,0.130032
61,27,0.015753,0.124595,0.125884
61,28,0.015819,0.126068,0.125719
61,29,0.016376,0.127418,0.125305
63,0,0.016741,0.131109,0.122874
63,1,0.016290,0.125684,0.121679
63,2,0.016172,0.126782,0.122324
63,3,0.013043,0.113857,0.124926
63,4,0.017923,0.133250,0.125907
63,5,0.015935,0.126075,0.122998
63,6,0.014198,0.118370,0.123830
63,7,0.014369,0.118642,0.123285
63,8,0.015498,0.124803,0.123913
63,9,0.013842,0.117728,0.124547
63,10,0.014818,0.121938,0.123346
63,11,0.014006,0.118566,0.123776
63,12,0.013795,0.116690,0.123930
63,13,0.016636,0.128053,0.124336
63,14,0.015526,0.124087,0.121742
63,15,0.013224,0.113944,0.124387
63,16,0.013078,0.114124,0.124484
63,17,0.016600,0.128572,0.124327
63,18,0.017762,0.132664,0.124727
63,19,0.015607,0.124610,0.121959
63,20,0.017134,0.131275,0.122826
63,21,0.015759,0.125812,0.122696
63,22,0.013830,0.117698,0.125044
63,23,0.016816,0.129649,0.124336
63,24,0.016478,0.128313,0.123974
63,25,0.017253,0.130410,0.123116
63,26,0.017717,0.133036,0.123466
63,27,0.017304,0.132744,0.123056
63,28,0.013972,0.118126,0.123873
63,29,0.016011,0.126879,0.124258
